{"cameraMode":{"drawMode":0,"name":"Shaded","section":"Shading Mode"},"sceneLighting":true,"audioPlay":false,"sceneViewState":{"m_AlwaysRefresh":false,"showFog":true,"showSkybox":true,"showFlares":true,"showImageEffects":true,"showParticleSystems":true,"showVisualEffectGraphs":true,"m_FxEnabled":true},"in2DMode":false,"pivot":{"x":5.341543197631836,"y":1.0386497974395753,"z":3.148082971572876},"rotation":{"x":-0.2481071949005127,"y":0.025279158726334573,"z":-0.006476446520537138,"w":-0.9683910608291626},"size":5.817783832550049,"orthographic":false}