{"cameraMode":{"drawMode":0,"name":"Shaded","section":"Shading Mode"},"sceneLighting":true,"audioPlay":false,"sceneViewState":{"m_AlwaysRefresh":false,"showFog":true,"showSkybox":true,"showFlares":true,"showImageEffects":true,"showParticleSystems":true,"showVisualEffectGraphs":true,"m_FxEnabled":true},"in2DMode":false,"pivot":{"x":1.4746241569519044,"y":4.843110084533691,"z":-8.332985877990723},"rotation":{"x":-0.003826695494353771,"y":0.9907298684120178,"z":-0.028549782931804658,"w":-0.1327492743730545},"size":0.9780493974685669,"orthographic":false}