{"cameraMode":{"drawMode":0,"name":"Shaded","section":"Shading Mode"},"sceneLighting":true,"audioPlay":false,"sceneViewState":{"m_AlwaysRefresh":false,"showFog":true,"showSkybox":true,"showFlares":true,"showImageEffects":true,"showParticleSystems":true,"showVisualEffectGraphs":true,"m_FxEnabled":true},"in2DMode":false,"pivot":{"x":-3.414897918701172,"y":-0.12301254272460938,"z":0.2827110290527344},"rotation":{"x":0.0074633704498410229,"y":-0.9280096888542175,"z":0.37207141518592837,"w":0.018667537719011308},"size":7.132824420928955,"orthographic":false}