{"cameraMode":{"drawMode":0,"name":"Shaded","section":"Shading Mode"},"sceneLighting":false,"audioPlay":false,"sceneViewState":{"m_AlwaysRefresh":false,"showFog":true,"showSkybox":false,"showFlares":true,"showImageEffects":true,"showParticleSystems":true,"showVisualEffectGraphs":true,"m_FxEnabled":true},"in2DMode":false,"pivot":{"x":5.708000183105469,"y":0.14743900299072267,"z":2.0360000133514406},"rotation":{"x":-0.26191404461860659,"y":0.07431785762310028,"z":-0.0202327873557806,"w":-0.9620240926742554},"size":0.5196153521537781,"orthographic":false}