{"cameraMode":{"drawMode":0,"name":"Shaded","section":"Shading Mode"},"sceneLighting":false,"audioPlay":false,"sceneViewState":{"m_AlwaysRefresh":false,"showFog":true,"showSkybox":false,"showFlares":true,"showImageEffects":true,"showParticleSystems":true,"showVisualEffectGraphs":true,"m_FxEnabled":true},"in2DMode":false,"pivot":{"x":28.413835525512697,"y":0.9830840229988098,"z":-22.74286460876465},"rotation":{"x":-0.004648905713111162,"y":-0.9635589122772217,"z":0.2669954299926758,"w":-0.016760820522904397},"size":2.731787919998169,"orthographic":false}